Workbook

Sheet Raw Data
A1: EmployeeID | B1: FirstName | C1: LastName | D1: FullName_Raw | E1: Email | F1: PhoneRaw | G1: Dept_A | H1: Dept_B | I1: SalesValue | J1: PerformanceScore | K1: SkillsList | L1: RatingLevel | M1: SymbolCode | N1: Notes_Raw
A2: EMP-2023-045-HR | B2: rahul | C2: SHARMA | D2: rahul SHARMA | E2: Rahul.Sharma@COMPANY.com | F2: (011)-4567-8910 | G2: Sales | H2: sales | I2: 125000 | J2: 88 | K2: Excel, Power BI,SQL , Python | L2: 5 | M2: 9733 | N2: Promoted in 2023, manager review pending
A3: EMP-2022-032-IT | B3: ANITA | C3: verma | D3: ANITA verma | E3: anita_verma@company.com | F3: 011.2345.6789 | G3: IT | H3: IT | I3: N/A | J3: Absent | K3: Java;C++;Python | L3: 3 | M3: 9829 | N3: On approved leave this month
A4: EMP-2021-018-HR | B4: Vikram | C4: Nair | D4: Vikram Nair | E4: vikram.nair@company.co.in | F4: +91-9876543210 | G4: Human Resources | H4: HR | I4: 98000 | J4: 72 | K4: Recruitment, Payroll, Onboarding | L4: 4 | M4: 9734 | N4: Transferred from Mumbai office
A5: EMP-2023-050-FIN | B5: priya | C5: GUPTA | D5: priya GUPTA | E5: Priya.Gupta@COMPANY.COM | F5: 011-2233-4455 | G5: Finance | H5: Finance | I5: 210000 | J5: 95 | K5: Excel,VBA,Power Query | L5: 5 | M5: 9733 | N5: Top performer this quarter
A6: EMP-2020-005-IT | B6: Rohit | C6: Malhotra | D6: Rohit Malhotra | E6: rohit.malhotra@company.com | F6: (011) 3344 5566 | G6: IT | H6: I.T. | I6: 55000 | J6: N/A | K6: SQL,Excel,Tableau | L6: 2 | M6: 9670 | N6: System export - formatting inconsistent
A7: EMP-2019-011-SALES | B7: SUNITA | C7: reddy | D7: SUNITA reddy | E7: sunita_reddy@COMPANY.com | F7: 9998887770 | G7: Sales | H7: SALES | I7: 175000 | J7: 81 | K7: Negotiation,CRM,Excel | L7: 4 | M7: 9829 | N7: Regional lead
A8: EMP-2022-029-MKT | B8: Aman | C8: Khanna | D8: Aman Khanna | E8: aman.khanna@company.com | F8: 011-5566-7788 | G8: Marketing | H8: marketing | I8: N/A | J8: 66 | K8: SEO, Content Writing,Analytics | L8: 3 | M8: 9734 | N8: Campaign launch pending
A9: EMP-2023-041-HR | B9: kiran | C9: Joshi | D9: kiran Joshi | E9: Kiran.Joshi@Company.com | F9: (011)-9988-7766 | G9: HR | H9: Human Resources | I9: 45000 | J9: Error | K9: Onboarding,Payroll | L9: 1 | M9: 9670 | N9: New joiner, onboarding in progress
A10: EMP-2021-022-FIN | B10: DEEPAK | C10: Chopra | D10: DEEPAK Chopra | E10: deepak.chopra@company.com | F10: 011 2233 9900 | G10: Finance | H10: FINANCE | I10: 302000 | J10: 91 | K10: Excel,SAP,Forecasting | L10: 5 | M10: 9733 | N10: Consistent top scorer

Sheet Instructions
A1: Excel Text & Logical Functions - Practice Assignment
A3: Workbook tabs:
A4: 1. Raw Data - messy source data. Do not edit.
A5: 2. Instructions - this tab. The full task list.
A6: 3. Practice - build your formulas here. Row 2 is a worked example (green). Yellow cells are for you to complete.
A7: 4. Solution Key - instructor answer key. Don't peek until you've tried!
A9: All tasks reference the 'Raw Data' sheet. Row numbers match: Raw Data row 2 = Practice row 2, and so on through row 10.
A11: Module | B11: Task | C11: Scenario / Objective | D11: Function(s) Required | E11: Write Formula In (Practice tab)
A12: Module 1: Cleaning & Formatting | B12: 1.1 | C12: Clean and properly capitalize First Name (Raw Data col B) | D12: TRIM, PROPER | E12: C
B13: 1.2 | C13: Clean and properly capitalize Last Name (Raw Data col C) | D13: TRIM, PROPER | E13: D
B14: 1.3 | C14: Repair FullName_Raw (col D): remove the hidden line break, extra spaces, and fix casing | D14: CLEAN, TRIM, PROPER | E14: E
B15: 1.4 | C15: Produce an UPPERCASE version of the Email for a compliance report | D15: UPPER | E15: F
B16: 1.5 | C16: Produce a lowercase version of the Email for system login storage | D16: LOWER | E16: G
A17: Module 2: Building Names & Lists | B17: 2.1 | C17: Join your cleaned First + Last name (cols C, D) with a space, the classic way | D17: CONCATENATE | E17: H
B18: 2.2 | C18: Do the same join using the modern function | D18: CONCAT | E18: I
B19: 2.3 | C19: Do the same join using TEXTJOIN (easier to extend later) | D19: TEXTJOIN | E19: J
B20: 2.4 | C20: Split SkillsList (col K) into separate cells - note some rows use commas, some use semicolons - trim extra spaces from each result | D20: TEXTSPLIT, TRIM | E20: K (spills into L, M, N)
A21: Module 3: Extracting Identifiers | B21: 3.1 | C21: Extract the 3-letter prefix from EmployeeID (col A) | D21: LEFT | E21: O
B22: 3.2 | C22: Extract the 4-digit year from EmployeeID (always starts at character 5) | D22: MID | E22: P
B23: 3.3 | C23: Extract the department code at the end of EmployeeID - length varies, so a fixed position will fail on some rows | D23: RIGHT, LEN, FIND, SUBSTITUTE | E23: Q
B24: 3.4 | C24: Return the character length of EmployeeID (data-quality check) | D24: LEN | E24: R
B25: 3.5 | C25: Extract the username portion of Email, before the @ | D25: LEFT, FIND | E25: S
A26: Module 4: Searching & Replacing | B26: 4.1 | C26: Return the position of '@' inside Email | D26: FIND | E26: T
B27: 4.2 | C27: Return the position of 'company' inside Email - case varies row to row, so this must be case-insensitive | D27: SEARCH | E27: U
B28: 4.3 | C28: Strip ALL punctuation and spaces from PhoneRaw so every number becomes digits only | D28: SUBSTITUTE (chained) | E28: V
B29: 4.4 | C29: Using your col V result, mask every digit except the last 4 with asterisks | D29: REPLACE, REPT, LEN | E29: W
A30: Module 5: Validation & Symbols | B30: 5.1 | C30: Check whether Dept_A and Dept_B are an exact, case-sensitive match | D30: EXACT | E30: X
B31: 5.2 | C31: Check whether SalesValue is a genuine number | D31: ISNUMBER | E31: Y
B32: 5.3 | C32: Check whether SalesValue is text | D32: ISTEXT | E32: Z
B33: 5.4 | C33: Build a 5-symbol star rating: filled stars for RatingLevel, empty stars for the remainder | D33: REPT, UNICHAR | E33: AA
B34: 5.5 | C34: Convert SymbolCode into its character, then convert that character back to confirm the round trip | D34: UNICHAR, UNICODE | E34: AB (char), AC (code)
A35: Module 6: Error Handling & Logic | B35: 6.1 | C35: Convert SalesValue to a true number safely; return 0 if not convertible | D35: IFERROR, VALUE | E35: AD
B36: 6.2 | C36: Convert PerformanceScore to a true number safely; return 'Data Missing' if not convertible | D36: IFERROR, VALUE | E36: AE
B38: 6.3 | C38: Using col X, return a plain-English flag: 'Match' or 'Mismatch - Review' | D38: IF | E38: AG
A41: Color legend (Practice tab):
B42: Green = worked example (row 2) - study this formula before starting
B43: Yellow = your task - write the formula here
B44: Gray = reference data linked from Raw Data - no need to edit

Sheet Practice
A1: EmployeeID (ref) | C1: 11 Clean_FirstName | D1: 12 Clean_LastName | E1: 13 Clean_FullName | F1: 14 Email_UPPER | G1: 15 Email_lower | H1: 21 FullName_CONCATENATE | I1: 22 FullName_CONCAT | J1: 23 FullName_TEXTJOIN | K1: 24 Skill_1 (spills ->) | L1: Skill_2 | M1: Skill_3 | N1: Skill_4 | O1: 31 ID_Prefix | P1: 32 ID_Year | Q1: 33 ID_DeptCode | R1: 34 ID_Length | S1: 35 Email_Username | T1: 41 At_Position | U1: 42 Company_Position | V1: 43 Phone_DigitsOnly | W1: 44 Phone_Masked | X1: 51 Dept_ExactMatch | Y1: 52 Sales_IsNumber | Z1: 53 Sales_IsText | AA1: 54 StarRating | AB1: 55 Symbol_Char | AC1: 55 Symbol_Code_RoundTrip | AD1: 61 SalesValue_Safe | AE1: 62 PerformanceScore_Safe | AF1: 63 Dept_MatchFlag
A2: ='Raw Data'!A2 -> EMP-2023-045-HR | C2: =PROPER(TRIM('Raw Data'!B2)) -> Rahul | D2: =PROPER(TRIM('Raw Data'!C2)) -> Sharma | E2: =PROPER(TRIM('Raw Data'!D2)) -> Rahul Sharma | F2: =UPPER('Raw Data'!E2) -> RAHUL.SHARMA@COMPANY.COM | G2: =LOWER('Raw Data'!E2) -> rahul.sharma@company.com | H2: =CONCATENATE(C2," ",D2) -> Rahul Sharma | I2: =_xlfn.CONCAT(C2," ",D2) -> Rahul Sharma | J2: =_xlfn.TEXTJOIN(" ",TRUE(),C2,D2) -> Rahul Sharma | K2: Excel | L2: Power BI | M2: SQL | N2: Python | O2: =LEFT(A2,3) -> EMP | P2: =MID(A2,5,4) -> 2023 | Q2: =RIGHT(A2,LEN(A2)-FIND("-",A2,FIND("-",A2,FIND("-",A2)+1)+1)) -> HR | R2: =LEN(A2) -> 15 | S2: =LEFT('Raw Data'!E2,FIND("@",'Raw Data'!E2)-1) -> Rahul.Sharma | T2: =FIND("@",'Raw Data'!E2) -> 13 | U2: =SEARCH("company",'Raw Data'!E2) -> 14 | V2: =SUBSTITUTE(SUBSTITUTE(SUBSTITUTE(SUBSTITUTE(SUBSTITUTE(SUBSTITUTE('Raw Data'!F3,"(",""),")",""),"-","")," ",""),"+",""),".","") -> 01123456789 | W2: =REPLACE(V2,1,LEN(V2)-4,REPT("*",LEN(V2)-4)) -> *******6789 | X2: =EXACT(PROPER(TRIM('Raw Data'!G2)),PROPER(TRIM('Raw Data'!H2))) -> TRUE | Y2: =ISNUMBER('Raw Data'!I2) -> TRUE | Z2: =ISTEXT('Raw Data'!I2) -> FALSE | AA2: =REPT(_xlfn.UNICHAR(9733),'Raw Data'!L2)&REPT(_xlfn.UNICHAR(9734),5-'Raw Data'!L2) -> ★★★★★ | AB2: =_xlfn.UNICHAR('Raw Data'!M2) -> ★ | AC2: =_xlfn.UNICODE(AB2) -> 9733 | AD2: =IFERROR(VALUE('Raw Data'!I2),0) -> 125000 | AE2: =IFERROR(VALUE('Raw Data'!J2),"Data Missing") -> 88 | AF2: =IF(EXACT('Raw Data'!G2,'Raw Data'!H2),"Match","Mismatch - Review") -> Mismatch - Review
A3: ='Raw Data'!A3 -> EMP-2022-032-IT | C3: =PROPER(TRIM('Raw Data'!B3)) -> Anita | D3: =PROPER(TRIM('Raw Data'!C3)) -> Verma | E3: =PROPER(TRIM('Raw Data'!D3)) -> Anita Verma | F3: =UPPER('Raw Data'!E3) -> ANITA_VERMA@COMPANY.COM | G3: =LOWER('Raw Data'!E3) -> anita_verma@company.com | H3: =CONCATENATE(C3," ",D3) -> Anita Verma | I3: =_xlfn.CONCAT(C3," ",D3) -> Anita Verma | J3: =_xlfn.TEXTJOIN(" ",TRUE(),C3,D3) -> Anita Verma | K3: Java | L3: C++ | M3: Python | O3: =LEFT(A3,3) -> EMP | P3: =MID(A3,5,4) -> 2022 | Q3: =RIGHT(A3,LEN(A3)-FIND("-",A3,FIND("-",A3,FIND("-",A3)+1)+1)) -> IT | R3: =LEN(A3) -> 15 | S3: =LEFT('Raw Data'!E3,FIND("@",'Raw Data'!E3)-1) -> anita_verma | T3: =FIND("@",'Raw Data'!E3) -> 12 | U3: =SEARCH("company",'Raw Data'!E3) -> 13 | V3: =SUBSTITUTE(SUBSTITUTE(SUBSTITUTE(SUBSTITUTE(SUBSTITUTE(SUBSTITUTE('Raw Data'!F4,"(",""),")",""),"-","")," ",""),"+",""),".","") -> 919876543210 | W3: =REPLACE(V3,1,LEN(V3)-3,REPT("*",LEN(V3)-3)) -> *********210 | X3: =EXACT(PROPER(TRIM('Raw Data'!G3)),PROPER(TRIM('Raw Data'!H3))) -> TRUE | Y3: =ISNUMBER('Raw Data'!I3) -> FALSE | Z3: =ISTEXT('Raw Data'!I3) -> TRUE | AA3: =REPT(_xlfn.UNICHAR(9733),'Raw Data'!L3)&REPT(_xlfn.UNICHAR(9734),5-'Raw Data'!L3) -> ★★★☆☆ | AB3: =_xlfn.UNICHAR('Raw Data'!M3) -> ♥ | AC3: =_xlfn.UNICODE(AB3) -> 9829 | AD3: =IFERROR(VALUE('Raw Data'!I3),0) -> 0 | AE3: =IFERROR(VALUE('Raw Data'!I3),"missing buddy") -> missing buddy | AF3: =IF(EXACT(PROPER(TRIM('Raw Data'!G2)),PROPER(TRIM('Raw Data'!H2))),"Match","Mismatch-Review") -> Match
A4: ='Raw Data'!A4 -> EMP-2021-018-HR | C4: =PROPER(TRIM('Raw Data'!B4)) -> Vikram | D4: =PROPER(TRIM('Raw Data'!C4)) -> Nair | E4: =PROPER(TRIM('Raw Data'!D4)) -> Vikram Nair | F4: =UPPER('Raw Data'!E4) -> VIKRAM.NAIR@COMPANY.CO.IN | G4: =LOWER('Raw Data'!E4) -> vikram.nair@company.co.in | H4: =CONCATENATE(C4," ",D4) -> Vikram Nair | I4: =_xlfn.CONCAT(C4," ",D4) -> Vikram Nair | J4: =_xlfn.TEXTJOIN(" ",TRUE(),C4,D4) -> Vikram Nair | K4: Recruitment | L4: Payroll | M4: Onboarding | O4: =LEFT(A4,3) -> EMP | P4: =MID(A4,5,4) -> 2021 | Q4: =RIGHT(A4,LEN(A4)-FIND("-",A4,FIND("-",A4,FIND("-",A4)+1)+1)) -> HR | R4: =LEN(A4) -> 15 | S4: =LEFT('Raw Data'!E4,FIND("@",'Raw Data'!E4)-1) -> vikram.nair | T4: =FIND("@",'Raw Data'!E4) -> 12 | U4: =SEARCH("company",'Raw Data'!E4) -> 13 | V4: =SUBSTITUTE(SUBSTITUTE(SUBSTITUTE(SUBSTITUTE(SUBSTITUTE(SUBSTITUTE('Raw Data'!F5,"(",""),")",""),"-","")," ",""),"+",""),".","") -> 01122334455 | W4: =REPLACE(V4,1,LEN(V4)-3,REPT("*",LEN(V4)-3)) -> ********455 | X4: =EXACT(PROPER(TRIM('Raw Data'!G4)),PROPER(TRIM('Raw Data'!H4))) -> FALSE | Y4: =ISNUMBER('Raw Data'!I4) -> TRUE | Z4: =ISTEXT('Raw Data'!I4) -> FALSE | AA4: =REPT(_xlfn.UNICHAR(9733),'Raw Data'!L4)&REPT(_xlfn.UNICHAR(9734),5-'Raw Data'!L4) -> ★★★★☆ | AB4: =_xlfn.UNICHAR('Raw Data'!M4) -> ☆ | AC4: =_xlfn.UNICODE(AB4) -> 9734 | AD4: =IFERROR(VALUE('Raw Data'!I4),0) -> 98000 | AE4: =IFERROR(VALUE('Raw Data'!I4),"missing buddy") -> 98000 | AF4: =IF(EXACT(PROPER(TRIM('Raw Data'!G3)),PROPER(TRIM('Raw Data'!H3))),"Match","Mismatch-Review") -> Match
A5: ='Raw Data'!A5 -> EMP-2023-050-FIN | C5: =PROPER(TRIM('Raw Data'!B5)) -> Priya | D5: =PROPER(TRIM('Raw Data'!C5)) -> Gupta | E5: =PROPER(TRIM('Raw Data'!D5)) -> Priya Gupta | F5: =UPPER('Raw Data'!E5) -> PRIYA.GUPTA@COMPANY.COM | G5: =LOWER('Raw Data'!E5) -> priya.gupta@company.com | H5: =CONCATENATE(C5," ",D5) -> Priya Gupta | I5: =_xlfn.CONCAT(C5," ",D5) -> Priya Gupta | J5: =_xlfn.TEXTJOIN(" ",TRUE(),C5,D5) -> Priya Gupta | K5: Excel | L5: VBA | M5: Power Query | O5: =LEFT(A5,3) -> EMP | P5: =MID(A5,5,4) -> 2023 | Q5: =RIGHT(A5,LEN(A5)-FIND("-",A5,FIND("-",A5,FIND("-",A5)+1)+1)) -> FIN | R5: =LEN(A5) -> 16 | S5: =LEFT('Raw Data'!E5,FIND("@",'Raw Data'!E5)-1) -> Priya.Gupta | T5: =FIND("@",'Raw Data'!E5) -> 12 | U5: =SEARCH("company",'Raw Data'!E5) -> 13 | V5: =SUBSTITUTE(SUBSTITUTE(SUBSTITUTE(SUBSTITUTE(SUBSTITUTE(SUBSTITUTE('Raw Data'!F6,"(",""),")",""),"-","")," ",""),"+",""),".","") -> 01133445566 | W5: =REPLACE(V5,1,LEN(V5)-3,REPT("*",LEN(V5)-3)) -> ********566 | X5: =EXACT(PROPER(TRIM('Raw Data'!G5)),PROPER(TRIM('Raw Data'!H5))) -> TRUE | Y5: =ISNUMBER('Raw Data'!I5) -> FALSE | Z5: =ISTEXT('Raw Data'!I5) -> TRUE | AA5: =REPT(_xlfn.UNICHAR(9733),'Raw Data'!L5)&REPT(_xlfn.UNICHAR(9734),5-'Raw Data'!L5) -> ★★★★★ | AB5: =_xlfn.UNICHAR('Raw Data'!M5) -> ★ | AC5: =_xlfn.UNICODE(AB5) -> 9733 | AD5: =IFERROR(VALUE('Raw Data'!I5),0) -> 210000 | AE5: =IFERROR(VALUE('Raw Data'!I5),"missing buddy") -> 210000 | AF5: =IF(EXACT(PROPER(TRIM('Raw Data'!G4)),PROPER(TRIM('Raw Data'!H4))),"Match","Mismatch-Review") -> Mismatch-Review
A6: ='Raw Data'!A6 -> EMP-2020-005-IT | C6: =PROPER(TRIM('Raw Data'!B6)) -> Rohit | D6: =PROPER(TRIM('Raw Data'!C6)) -> Malhotra | E6: =PROPER(TRIM('Raw Data'!D6)) -> Rohit Malhotra | F6: =UPPER('Raw Data'!E6) -> ROHIT.MALHOTRA@COMPANY.COM | G6: =LOWER('Raw Data'!E6) -> rohit.malhotra@company.com | H6: =CONCATENATE(C6," ",D6) -> Rohit Malhotra | I6: =_xlfn.CONCAT(C6," ",D6) -> Rohit Malhotra | J6: =_xlfn.TEXTJOIN(" ",TRUE(),C6,D6) -> Rohit Malhotra | K6: SQL | L6: Excel | M6: Tableau | O6: =LEFT(A6,3) -> EMP | P6: =MID(A6,5,4) -> 2020 | Q6: =RIGHT(A6,LEN(A6)-FIND("-",A6,FIND("-",A6,FIND("-",A6)+1)+1)) -> IT | R6: =LEN(A6) -> 15 | S6: =LEFT('Raw Data'!E6,FIND("@",'Raw Data'!E6)-1) -> rohit.malhotra | T6: =FIND("@",'Raw Data'!E6) -> 15 | U6: =SEARCH("company",'Raw Data'!E6) -> 16 | V6: =SUBSTITUTE(SUBSTITUTE(SUBSTITUTE(SUBSTITUTE(SUBSTITUTE(SUBSTITUTE('Raw Data'!F7,"(",""),")",""),"-","")," ",""),"+",""),".","") -> 9998887770 | W6: =REPLACE(V6,1,LEN(V6)-3,REPT("*",LEN(V6)-3)) -> *******770 | X6: =EXACT(PROPER(TRIM('Raw Data'!G6)),PROPER(TRIM('Raw Data'!H6))) -> FALSE | Y6: =ISNUMBER('Raw Data'!I6) -> TRUE | Z6: =ISTEXT('Raw Data'!I6) -> FALSE | AA6: =REPT(_xlfn.UNICHAR(9733),'Raw Data'!L6)&REPT(_xlfn.UNICHAR(9734),5-'Raw Data'!L6) -> ★★☆☆☆ | AB6: =_xlfn.UNICHAR('Raw Data'!M6) -> ◆ | AC6: =_xlfn.UNICODE(AB6) -> 9670 | AD6: =IFERROR(VALUE('Raw Data'!I6),0) -> 55000 | AE6: =IFERROR(VALUE('Raw Data'!I6),"missing buddy") -> 55000 | AF6: =IF(EXACT(PROPER(TRIM('Raw Data'!G5)),PROPER(TRIM('Raw Data'!H5))),"Match","Mismatch-Review") -> Match
A7: ='Raw Data'!A7 -> EMP-2019-011-SALES | C7: =PROPER(TRIM('Raw Data'!B7)) -> Sunita | D7: =PROPER(TRIM('Raw Data'!C7)) -> Reddy | E7: =PROPER(TRIM('Raw Data'!D7)) -> Sunita Reddy | F7: =UPPER('Raw Data'!E7) -> SUNITA_REDDY@COMPANY.COM | G7: =LOWER('Raw Data'!E7) -> sunita_reddy@company.com | H7: =CONCATENATE(C7," ",D7) -> Sunita Reddy | I7: =_xlfn.CONCAT(C7," ",D7) -> Sunita Reddy | J7: =_xlfn.TEXTJOIN(" ",TRUE(),C7,D7) -> Sunita Reddy | K7: Negotiation | L7: CRM | M7: Excel | O7: =LEFT(A7,3) -> EMP | P7: =MID(A7,5,4) -> 2019 | Q7: =RIGHT(A7,LEN(A7)-FIND("-",A7,FIND("-",A7,FIND("-",A7)+1)+1)) -> SALES | R7: =LEN(A7) -> 18 | S7: =LEFT('Raw Data'!E7,FIND("@",'Raw Data'!E7)-1) -> sunita_reddy | T7: =FIND("@",'Raw Data'!E7) -> 13 | U7: =SEARCH("company",'Raw Data'!E7) -> 14 | V7: =SUBSTITUTE(SUBSTITUTE(SUBSTITUTE(SUBSTITUTE(SUBSTITUTE(SUBSTITUTE('Raw Data'!F8,"(",""),")",""),"-","")," ",""),"+",""),".","") -> 01155667788 | W7: =REPLACE(V7,1,LEN(V7)-3,REPT("*",LEN(V7)-3)) -> ********788 | X7: =EXACT(PROPER(TRIM('Raw Data'!G7)),PROPER(TRIM('Raw Data'!H7))) -> TRUE | Y7: =ISNUMBER('Raw Data'!I7) -> FALSE | Z7: =ISTEXT('Raw Data'!I7) -> TRUE | AA7: =REPT(_xlfn.UNICHAR(9733),'Raw Data'!L7)&REPT(_xlfn.UNICHAR(9734),5-'Raw Data'!L7) -> ★★★★☆ | AB7: =_xlfn.UNICHAR('Raw Data'!M7) -> ♥ | AC7: =_xlfn.UNICODE(AB7) -> 9829 | AD7: =IFERROR(VALUE('Raw Data'!I7),0) -> 175000 | AE7: =IFERROR(VALUE('Raw Data'!I7),"missing buddy") -> 175000 | AF7: =IF(EXACT(PROPER(TRIM('Raw Data'!G6)),PROPER(TRIM('Raw Data'!H6))),"Match","Mismatch-Review") -> Mismatch-Review
A8: ='Raw Data'!A8 -> EMP-2022-029-MKT | C8: =PROPER(TRIM('Raw Data'!B8)) -> Aman | D8: =PROPER(TRIM('Raw Data'!C8)) -> Khanna | E8: =PROPER(TRIM('Raw Data'!D8)) -> Aman Khanna | F8: =UPPER('Raw Data'!E8) -> AMAN.KHANNA@COMPANY.COM | G8: =LOWER('Raw Data'!E8) -> aman.khanna@company.com | H8: =CONCATENATE(C8," ",D8) -> Aman Khanna | I8: =_xlfn.CONCAT(C8," ",D8) -> Aman Khanna | J8: =_xlfn.TEXTJOIN(" ",TRUE(),C8,D8) -> Aman Khanna | K8: SEO | L8: Content Writing | M8: Analytics | O8: =LEFT(A8,3) -> EMP | P8: =MID(A8,5,4) -> 2022 | Q8: =RIGHT(A8,LEN(A8)-FIND("-",A8,FIND("-",A8,FIND("-",A8)+1)+1)) -> MKT | R8: =LEN(A8) -> 16 | S8: =LEFT('Raw Data'!E8,FIND("@",'Raw Data'!E8)-1) -> aman.khanna | T8: =FIND("@",'Raw Data'!E8) -> 12 | U8: =SEARCH("company",'Raw Data'!E8) -> 13 | V8: =SUBSTITUTE(SUBSTITUTE(SUBSTITUTE(SUBSTITUTE(SUBSTITUTE(SUBSTITUTE('Raw Data'!F9,"(",""),")",""),"-","")," ",""),"+",""),".","") -> 01199887766 | W8: =REPLACE(V8,1,LEN(V8)-3,REPT("*",LEN(V8)-3)) -> ********766 | X8: =EXACT(PROPER(TRIM('Raw Data'!G8)),PROPER(TRIM('Raw Data'!H8))) -> TRUE | Y8: =ISNUMBER('Raw Data'!I8) -> FALSE | Z8: =ISTEXT('Raw Data'!I8) -> TRUE | AA8: =REPT(_xlfn.UNICHAR(9733),'Raw Data'!L8)&REPT(_xlfn.UNICHAR(9734),5-'Raw Data'!L8) -> ★★★☆☆ | AB8: =_xlfn.UNICHAR('Raw Data'!M8) -> ☆ | AC8: =_xlfn.UNICODE(AB8) -> 9734 | AD8: =IFERROR(VALUE('Raw Data'!I8),0) -> 0 | AE8: =IFERROR(VALUE('Raw Data'!I8),"missing buddy") -> missing buddy | AF8: =IF(EXACT(PROPER(TRIM('Raw Data'!G7)),PROPER(TRIM('Raw Data'!H7))),"Match","Mismatch-Review") -> Match
A9: ='Raw Data'!A9 -> EMP-2023-041-HR | C9: =PROPER(TRIM('Raw Data'!B9)) -> Kiran | D9: =PROPER(TRIM('Raw Data'!C9)) -> Joshi | E9: =PROPER(TRIM('Raw Data'!D9)) -> Kiran Joshi | F9: =UPPER('Raw Data'!E9) -> KIRAN.JOSHI@COMPANY.COM | G9: =LOWER('Raw Data'!E9) -> kiran.joshi@company.com | H9: =CONCATENATE(C9," ",D9) -> Kiran Joshi | I9: =_xlfn.CONCAT(C9," ",D9) -> Kiran Joshi | J9: =_xlfn.TEXTJOIN(" ",TRUE(),C9,D9) -> Kiran Joshi | K9: Onboarding | L9: Payroll | O9: =LEFT(A9,3) -> EMP | P9: =MID(A9,5,4) -> 2023 | Q9: =RIGHT(A9,LEN(A9)-FIND("-",A9,FIND("-",A9,FIND("-",A9)+1)+1)) -> HR | R9: =LEN(A9) -> 15 | S9: =LEFT('Raw Data'!E9,FIND("@",'Raw Data'!E9)-1) -> Kiran.Joshi | T9: =FIND("@",'Raw Data'!E9) -> 12 | U9: =SEARCH("company",'Raw Data'!E9) -> 13 | V9: =SUBSTITUTE(SUBSTITUTE(SUBSTITUTE(SUBSTITUTE(SUBSTITUTE(SUBSTITUTE('Raw Data'!F10,"(",""),")",""),"-","")," ",""),"+",""),".","") -> 01122339900 | W9: =REPLACE(V9,1,LEN(V9)-3,REPT("*",LEN(V9)-3)) -> ********900 | X9: =EXACT(PROPER(TRIM('Raw Data'!G9)),PROPER(TRIM('Raw Data'!H9))) -> FALSE | Y9: =ISNUMBER('Raw Data'!I9) -> TRUE | Z9: =ISTEXT('Raw Data'!I9) -> FALSE | AA9: =REPT(_xlfn.UNICHAR(9733),'Raw Data'!L9)&REPT(_xlfn.UNICHAR(9734),5-'Raw Data'!L9) -> ★☆☆☆☆ | AB9: =_xlfn.UNICHAR('Raw Data'!M9) -> ◆ | AC9: =_xlfn.UNICODE(AB9) -> 9670 | AD9: =IFERROR(VALUE('Raw Data'!I9),0) -> 45000 | AE9: =IFERROR(VALUE('Raw Data'!I9),"missing buddy") -> 45000 | AF9: =IF(EXACT(PROPER(TRIM('Raw Data'!G8)),PROPER(TRIM('Raw Data'!H8))),"Match","Mismatch-Review") -> Match
A10: ='Raw Data'!A10 -> EMP-2021-022-FIN | C10: =PROPER(TRIM('Raw Data'!B10)) -> Deepak | D10: =PROPER(TRIM('Raw Data'!C10)) -> Chopra | E10: =PROPER(TRIM('Raw Data'!D10)) -> Deepak Chopra | F10: =UPPER('Raw Data'!E10) -> DEEPAK.CHOPRA@COMPANY.COM | G10: =LOWER('Raw Data'!E10) -> deepak.chopra@company.com | H10: =CONCATENATE(C10," ",D10) -> Deepak Chopra | I10: =_xlfn.CONCAT(C10," ",D10) -> Deepak Chopra | J10: =_xlfn.TEXTJOIN(" ",TRUE(),C10,D10) -> Deepak Chopra | K10: Excel | L10: SAP | M10: Forecasting | O10: =LEFT(A10,3) -> EMP | P10: =MID(A10,5,4) -> 2021 | Q10: =RIGHT(A10,LEN(A10)-FIND("-",A10,FIND("-",A10,FIND("-",A10)+1)+1)) -> FIN | R10: =LEN(A10) -> 16 | S10: =LEFT('Raw Data'!E10,FIND("@",'Raw Data'!E10)-1) -> deepak.chopra | T10: =FIND("@",'Raw Data'!E10) -> 14 | U10: =SEARCH("company",'Raw Data'!E10) -> 15 | V10: =SUBSTITUTE(SUBSTITUTE(SUBSTITUTE(SUBSTITUTE(SUBSTITUTE(SUBSTITUTE('Raw Data'!F11,"(",""),")",""),"-","")," ",""),"+",""),".","") | W10: =REPLACE(V10,1,LEN(V10)-3,REPT("*",LEN(V10)-3)) -> #VALUE! | X10: =EXACT(PROPER(TRIM('Raw Data'!G10)),PROPER(TRIM('Raw Data'!H10))) -> TRUE | Y10: =ISNUMBER('Raw Data'!I10) -> TRUE | Z10: =ISTEXT('Raw Data'!I10) -> FALSE | AA10: =REPT(_xlfn.UNICHAR(9733),'Raw Data'!L10)&REPT(_xlfn.UNICHAR(9734),5-'Raw Data'!L10) -> ★★★★★ | AB10: =_xlfn.UNICHAR('Raw Data'!M10) -> ★ | AC10: =_xlfn.UNICODE(AB10) -> 9733 | AD10: =IFERROR(VALUE('Raw Data'!I10),0) -> 302000 | AE10: =IFERROR(VALUE('Raw Data'!I10),"missing buddy") -> 302000 | AF10: =IF(EXACT(PROPER(TRIM('Raw Data'!G9)),PROPER(TRIM('Raw Data'!H9))),"Match","Mismatch-Review") -> Mismatch-Review

Sheet Solution Key
A1: EmployeeID (ref) | C1: 1.1 Clean_FirstName | D1: 1.2 Clean_LastName | E1: 1.3 Clean_FullName | F1: 1.4 Email_UPPER | G1: 1.5 Email_lower | H1: 2.1 FullName_CONCATENATE | I1: 2.2 FullName_CONCAT | J1: 2.3 FullName_TEXTJOIN | K1: 2.4 Skill_1 (spills ->) | L1: Skill_2 | M1: Skill_3 | N1: Skill_4 | O1: 3.1 ID_Prefix | P1: 3.2 ID_Year | Q1: 3.3 ID_DeptCode | R1: 3.4 ID_Length | S1: 3.5 Email_Username | T1: 4.1 At_Position | U1: 4.2 Company_Position | V1: 4.3 Phone_DigitsOnly | W1: 4.4 Phone_Masked | X1: 5.1 Dept_ExactMatch | Y1: 5.2 Sales_IsNumber | Z1: 5.3 Sales_IsText | AA1: 5.4 StarRating | AB1: 5.5 Symbol_Char | AC1: 5.5 Symbol_Code_RoundTrip | AD1: 6.1 SalesValue_Safe | AE1: 6.2 PerformanceScore_Safe | AF1: 6.3 Performance_Tier | AG1: 6.4 Dept_MatchFlag
A2: ='Raw Data'!A2 -> EMP-2023-045-HR | C2: =PROPER(TRIM('Raw Data'!B2)) -> Rahul | D2: =PROPER(TRIM('Raw Data'!C2)) -> Sharma | E2: =PROPER(TRIM(CLEAN('Raw Data'!D2))) -> Rahul Sharma | F2: =UPPER('Raw Data'!E2) -> RAHUL.SHARMA@COMPANY.COM | G2: =LOWER('Raw Data'!E2) -> rahul.sharma@company.com | H2: =CONCATENATE(C2," ",D2) -> Rahul Sharma | I2: =_xlfn.CONCAT(C2," ",D2) -> Rahul Sharma | J2: =_xlfn.TEXTJOIN(" ",TRUE(),C2,D2) -> Rahul Sharma | K2: =TRIM(_xlfn.TEXTSPLIT('Raw Data'!K2,{",",";"})) -> #NAME? | P2: =MID(A2,5,4) -> 2023 | Q2: =RIGHT(A2,LEN(A2)-FIND("~",SUBSTITUTE(A2,"-","~",3))) -> HR | R2: =LEN(A2) -> 15 | S2: =LEFT('Raw Data'!E2,FIND("@",'Raw Data'!E2)-1) -> Rahul.Sharma | T2: =FIND("@",'Raw Data'!E2) -> 13 | U2: =SEARCH("company",'Raw Data'!E2) -> 14 | V2: =SUBSTITUTE(SUBSTITUTE(SUBSTITUTE(SUBSTITUTE(SUBSTITUTE(SUBSTITUTE('Raw Data'!F2,"(",""),")",""),"-",""),".","")," ",""),"+","") -> 01145678910 | W2: =REPLACE(V2,1,LEN(V2)-4,REPT("*",LEN(V2)-4)) -> *******8910 | X2: =EXACT('Raw Data'!G2,'Raw Data'!H2) -> FALSE | Y2: =ISNUMBER('Raw Data'!I2) -> TRUE | Z2: =ISTEXT('Raw Data'!I2) -> FALSE | AA2: =REPT(_xlfn.UNICHAR(9733),'Raw Data'!L2)&REPT(_xlfn.UNICHAR(9734),5-'Raw Data'!L2) -> ★★★★★ | AB2: =_xlfn.UNICHAR('Raw Data'!M2) -> ★ | AC2: =_xlfn.UNICODE(AB2) -> 9733 | AD2: =IFERROR(VALUE('Raw Data'!I2),0) -> 125000 | AE2: =IFERROR(VALUE('Raw Data'!J2),"Data Missing") -> 88 | AF2: =IF(ISNUMBER(AE2)=FALSE(),"N/A",IF(AE2>=80,"High Performer",IF(AE2>=60,"Meets Expectations","Needs Improvement"))) -> High Performer | AG2: =IF(EXACT('Raw Data'!G2,'Raw Data'!H2),"Match","Mismatch - Review") -> Mismatch - Review
A3: ='Raw Data'!A3 -> EMP-2022-032-IT | C3: =PROPER(TRIM('Raw Data'!B3)) -> Anita | D3: =PROPER(TRIM('Raw Data'!C3)) -> Verma | E3: =PROPER(TRIM(CLEAN('Raw Data'!D3))) -> Anita Verma | F3: =UPPER('Raw Data'!E3) -> ANITA_VERMA@COMPANY.COM | G3: =LOWER('Raw Data'!E3) -> anita_verma@company.com | H3: =CONCATENATE(C3," ",D3) -> Anita Verma | I3: =_xlfn.CONCAT(C3," ",D3) -> Anita Verma | J3: =_xlfn.TEXTJOIN(" ",TRUE(),C3,D3) -> Anita Verma | K3: =TRIM(_xlfn.TEXTSPLIT('Raw Data'!K3,{",",";"})) -> #NAME? | O3: =LEFT(A3,3) -> EMP | P3: =MID(A3,5,4) -> 2022 | Q3: =RIGHT(A3,LEN(A3)-FIND("~",SUBSTITUTE(A3,"-","~",3))) -> IT | R3: =LEN(A3) -> 15 | S3: =LEFT('Raw Data'!E3,FIND("@",'Raw Data'!E3)-1) -> anita_verma | T3: =FIND("@",'Raw Data'!E3) -> 12 | U3: =SEARCH("company",'Raw Data'!E3) -> 13 | V3: =SUBSTITUTE(SUBSTITUTE(SUBSTITUTE(SUBSTITUTE(SUBSTITUTE(SUBSTITUTE('Raw Data'!F3,"(",""),")",""),"-",""),".","")," ",""),"+","") -> 01123456789 | W3: =REPLACE(V3,1,LEN(V3)-4,REPT("*",LEN(V3)-4)) -> *******6789 | X3: =EXACT('Raw Data'!G3,'Raw Data'!H3) -> TRUE | Y3: =ISNUMBER('Raw Data'!I3) -> FALSE | Z3: =ISTEXT('Raw Data'!I3) -> TRUE | AA3: =REPT(_xlfn.UNICHAR(9733),'Raw Data'!L3)&REPT(_xlfn.UNICHAR(9734),5-'Raw Data'!L3) -> ★★★☆☆ | AB3: =_xlfn.UNICHAR('Raw Data'!M3) -> ♥ | AC3: =_xlfn.UNICODE(AB3) -> 9829 | AD3: =IFERROR(VALUE('Raw Data'!I3),0) -> 0 | AE3: =IFERROR(VALUE('Raw Data'!J3),"Data Missing") -> Data Missing | AF3: =IF(ISNUMBER(AE3)=FALSE(),"N/A",IF(AE3>=80,"High Performer",IF(AE3>=60,"Meets Expectations","Needs Improvement"))) -> N/A | AG3: =IF(EXACT('Raw Data'!G3,'Raw Data'!H3),"Match","Mismatch - Review") -> Match
A4: ='Raw Data'!A4 -> EMP-2021-018-HR | C4: =PROPER(TRIM('Raw Data'!B4)) -> Vikram | D4: =PROPER(TRIM('Raw Data'!C4)) -> Nair | E4: =PROPER(TRIM(CLEAN('Raw Data'!D4))) -> Vikram Nair | F4: =UPPER('Raw Data'!E4) -> VIKRAM.NAIR@COMPANY.CO.IN | G4: =LOWER('Raw Data'!E4) -> vikram.nair@company.co.in | H4: =CONCATENATE(C4," ",D4) -> Vikram Nair | I4: =_xlfn.CONCAT(C4," ",D4) -> Vikram Nair | J4: =_xlfn.TEXTJOIN(" ",TRUE(),C4,D4) -> Vikram Nair | K4: =TRIM(_xlfn.TEXTSPLIT('Raw Data'!K4,{",",";"})) -> Recruitment | O4: =LEFT(A4,3) -> EMP | P4: =MID(A4,5,4) -> 2021 | Q4: =RIGHT(A4,LEN(A4)-FIND("~",SUBSTITUTE(A4,"-","~",3))) -> HR | R4: =LEN(A4) -> 15 | S4: =LEFT('Raw Data'!E4,FIND("@",'Raw Data'!E4)-1) -> vikram.nair | T4: =FIND("@",'Raw Data'!E4) -> 12 | U4: =SEARCH("company",'Raw Data'!E4) -> 13 | V4: =SUBSTITUTE(SUBSTITUTE(SUBSTITUTE(SUBSTITUTE(SUBSTITUTE(SUBSTITUTE('Raw Data'!F4,"(",""),")",""),"-",""),".","")," ",""),"+","") -> 919876543210 | W4: =REPLACE(V4,1,LEN(V4)-4,REPT("*",LEN(V4)-4)) -> ********3210 | X4: =EXACT('Raw Data'!G4,'Raw Data'!H4) -> FALSE | Y4: =ISNUMBER('Raw Data'!I4) -> TRUE | Z4: =ISTEXT('Raw Data'!I4) -> FALSE | AA4: =REPT(_xlfn.UNICHAR(9733),'Raw Data'!L4)&REPT(_xlfn.UNICHAR(9734),5-'Raw Data'!L4) -> ★★★★☆ | AB4: =_xlfn.UNICHAR('Raw Data'!M4) -> ☆ | AC4: =_xlfn.UNICODE(AB4) -> 9734 | AD4: =IFERROR(VALUE('Raw Data'!I4),0) -> 98000 | AE4: =IFERROR(VALUE('Raw Data'!J4),"Data Missing") -> 72 | AF4: =IF(ISNUMBER(AE4)=FALSE(),"N/A",IF(AE4>=80,"High Performer",IF(AE4>=60,"Meets Expectations","Needs Improvement"))) -> Meets Expectations | AG4: =IF(EXACT('Raw Data'!G4,'Raw Data'!H4),"Match","Mismatch - Review") -> Mismatch - Review
A5: ='Raw Data'!A5 -> EMP-2023-050-FIN | C5: =PROPER(TRIM('Raw Data'!B5)) -> Priya | D5: =PROPER(TRIM('Raw Data'!C5)) -> Gupta | E5: =PROPER(TRIM(CLEAN('Raw Data'!D5))) -> Priya Gupta | F5: =UPPER('Raw Data'!E5) -> PRIYA.GUPTA@COMPANY.COM | G5: =LOWER('Raw Data'!E5) -> priya.gupta@company.com | H5: =CONCATENATE(C5," ",D5) -> Priya Gupta | I5: =_xlfn.CONCAT(C5," ",D5) -> Priya Gupta | J5: =_xlfn.TEXTJOIN(" ",TRUE(),C5,D5) -> Priya Gupta | K5: =TRIM(_xlfn.TEXTSPLIT('Raw Data'!K5,{",",";"})) -> Excel | O5: =LEFT(A5,3) -> EMP | P5: =MID(A5,5,4) -> 2023 | Q5: =RIGHT(A5,LEN(A5)-FIND("~",SUBSTITUTE(A5,"-","~",3))) -> FIN | R5: =LEN(A5) -> 16 | S5: =LEFT('Raw Data'!E5,FIND("@",'Raw Data'!E5)-1) -> Priya.Gupta | T5: =FIND("@",'Raw Data'!E5) -> 12 | U5: =SEARCH("company",'Raw Data'!E5) -> 13 | V5: =SUBSTITUTE(SUBSTITUTE(SUBSTITUTE(SUBSTITUTE(SUBSTITUTE(SUBSTITUTE('Raw Data'!F5,"(",""),")",""),"-",""),".","")," ",""),"+","") -> 01122334455 | W5: =REPLACE(V5,1,LEN(V5)-4,REPT("*",LEN(V5)-4)) -> *******4455 | X5: =EXACT('Raw Data'!G5,'Raw Data'!H5) -> FALSE | Y5: =ISNUMBER('Raw Data'!I5) -> FALSE | Z5: =ISTEXT('Raw Data'!I5) -> TRUE | AA5: =REPT(_xlfn.UNICHAR(9733),'Raw Data'!L5)&REPT(_xlfn.UNICHAR(9734),5-'Raw Data'!L5) -> ★★★★★ | AB5: =_xlfn.UNICHAR('Raw Data'!M5) -> ★ | AC5: =_xlfn.UNICODE(AB5) -> 9733 | AD5: =IFERROR(VALUE('Raw Data'!I5),0) -> 210000 | AE5: =IFERROR(VALUE('Raw Data'!J5),"Data Missing") -> 95 | AF5: =IF(ISNUMBER(AE5)=FALSE(),"N/A",IF(AE5>=80,"High Performer",IF(AE5>=60,"Meets Expectations","Needs Improvement"))) -> High Performer | AG5: =IF(EXACT('Raw Data'!G5,'Raw Data'!H5),"Match","Mismatch - Review") -> Mismatch - Review
A6: ='Raw Data'!A6 -> EMP-2020-005-IT | C6: =PROPER(TRIM('Raw Data'!B6)) -> Rohit | D6: =PROPER(TRIM('Raw Data'!C6)) -> Malhotra | E6: =PROPER(TRIM(CLEAN('Raw Data'!D6))) -> Rohit Malhotra | F6: =UPPER('Raw Data'!E6) -> ROHIT.MALHOTRA@COMPANY.COM | G6: =LOWER('Raw Data'!E6) -> rohit.malhotra@company.com | H6: =CONCATENATE(C6," ",D6) -> Rohit Malhotra | I6: =_xlfn.CONCAT(C6," ",D6) -> Rohit Malhotra | J6: =_xlfn.TEXTJOIN(" ",TRUE(),C6,D6) -> Rohit Malhotra | K6: =TRIM(_xlfn.TEXTSPLIT('Raw Data'!K6,{",",";"})) -> SQL | O6: =LEFT(A6,3) -> EMP | P6: =MID(A6,5,4) -> 2020 | Q6: =RIGHT(A6,LEN(A6)-FIND("~",SUBSTITUTE(A6,"-","~",3))) -> IT | R6: =LEN(A6) -> 15 | S6: =LEFT('Raw Data'!E6,FIND("@",'Raw Data'!E6)-1) -> rohit.malhotra | T6: =FIND("@",'Raw Data'!E6) -> 15 | U6: =SEARCH("company",'Raw Data'!E6) -> 16 | V6: =SUBSTITUTE(SUBSTITUTE(SUBSTITUTE(SUBSTITUTE(SUBSTITUTE(SUBSTITUTE('Raw Data'!F6,"(",""),")",""),"-",""),".","")," ",""),"+","") -> 01133445566 | W6: =REPLACE(V6,1,LEN(V6)-4,REPT("*",LEN(V6)-4)) -> *******5566 | X6: =EXACT('Raw Data'!G6,'Raw Data'!H6) -> FALSE | Y6: =ISNUMBER('Raw Data'!I6) -> TRUE | Z6: =ISTEXT('Raw Data'!I6) -> FALSE | AA6: =REPT(_xlfn.UNICHAR(9733),'Raw Data'!L6)&REPT(_xlfn.UNICHAR(9734),5-'Raw Data'!L6) -> ★★☆☆☆ | AB6: =_xlfn.UNICHAR('Raw Data'!M6) -> ◆ | AC6: =_xlfn.UNICODE(AB6) -> 9670 | AD6: =IFERROR(VALUE('Raw Data'!I6),0) -> 55000 | AE6: =IFERROR(VALUE('Raw Data'!J6),"Data Missing") -> Data Missing | AF6: =IF(ISNUMBER(AE6)=FALSE(),"N/A",IF(AE6>=80,"High Performer",IF(AE6>=60,"Meets Expectations","Needs Improvement"))) -> N/A | AG6: =IF(EXACT('Raw Data'!G6,'Raw Data'!H6),"Match","Mismatch - Review") -> Mismatch - Review
A7: ='Raw Data'!A7 -> EMP-2019-011-SALES | C7: =PROPER(TRIM('Raw Data'!B7)) -> Sunita | D7: =PROPER(TRIM('Raw Data'!C7)) -> Reddy | E7: =PROPER(TRIM(CLEAN('Raw Data'!D7))) -> Sunita Reddy | F7: =UPPER('Raw Data'!E7) -> SUNITA_REDDY@COMPANY.COM | G7: =LOWER('Raw Data'!E7) -> sunita_reddy@company.com | H7: =CONCATENATE(C7," ",D7) -> Sunita Reddy | I7: =_xlfn.CONCAT(C7," ",D7) -> Sunita Reddy | J7: =_xlfn.TEXTJOIN(" ",TRUE(),C7,D7) -> Sunita Reddy | K7: =TRIM(_xlfn.TEXTSPLIT('Raw Data'!K7,{",",";"})) -> Negotiation | O7: =LEFT(A7,3) -> EMP | P7: =MID(A7,5,4) -> 2019 | Q7: =RIGHT(A7,LEN(A7)-FIND("~",SUBSTITUTE(A7,"-","~",3))) -> SALES | R7: =LEN(A7) -> 18 | S7: =LEFT('Raw Data'!E7,FIND("@",'Raw Data'!E7)-1) -> sunita_reddy | T7: =FIND("@",'Raw Data'!E7) -> 13 | U7: =SEARCH("company",'Raw Data'!E7) -> 14 | V7: =SUBSTITUTE(SUBSTITUTE(SUBSTITUTE(SUBSTITUTE(SUBSTITUTE(SUBSTITUTE('Raw Data'!F7,"(",""),")",""),"-",""),".","")," ",""),"+","") -> 9998887770 | W7: =REPLACE(V7,1,LEN(V7)-4,REPT("*",LEN(V7)-4)) -> ******7770 | X7: =EXACT('Raw Data'!G7,'Raw Data'!H7) -> FALSE | Y7: =ISNUMBER('Raw Data'!I7) -> FALSE | Z7: =ISTEXT('Raw Data'!I7) -> TRUE | AA7: =REPT(_xlfn.UNICHAR(9733),'Raw Data'!L7)&REPT(_xlfn.UNICHAR(9734),5-'Raw Data'!L7) -> ★★★★☆ | AB7: =_xlfn.UNICHAR('Raw Data'!M7) -> ♥ | AC7: =_xlfn.UNICODE(AB7) -> 9829 | AD7: =IFERROR(VALUE('Raw Data'!I7),0) -> 175000 | AE7: =IFERROR(VALUE('Raw Data'!J7),"Data Missing") -> 81 | AF7: =IF(ISNUMBER(AE7)=FALSE(),"N/A",IF(AE7>=80,"High Performer",IF(AE7>=60,"Meets Expectations","Needs Improvement"))) -> High Performer | AG7: =IF(EXACT('Raw Data'!G7,'Raw Data'!H7),"Match","Mismatch - Review") -> Mismatch - Review
A8: ='Raw Data'!A8 -> EMP-2022-029-MKT | C8: =PROPER(TRIM('Raw Data'!B8)) -> Aman | D8: =PROPER(TRIM('Raw Data'!C8)) -> Khanna | E8: =PROPER(TRIM(CLEAN('Raw Data'!D8))) -> Aman Khanna | F8: =UPPER('Raw Data'!E8) -> AMAN.KHANNA@COMPANY.COM | G8: =LOWER('Raw Data'!E8) -> aman.khanna@company.com | H8: =CONCATENATE(C8," ",D8) -> Aman Khanna | I8: =_xlfn.CONCAT(C8," ",D8) -> Aman Khanna | J8: =_xlfn.TEXTJOIN(" ",TRUE(),C8,D8) -> Aman Khanna | K8: =TRIM(_xlfn.TEXTSPLIT('Raw Data'!K8,{",",";"})) -> SEO | O8: =LEFT(A8,3) -> EMP | P8: =MID(A8,5,4) -> 2022 | Q8: =RIGHT(A8,LEN(A8)-FIND("~",SUBSTITUTE(A8,"-","~",3))) -> MKT | R8: =LEN(A8) -> 16 | S8: =LEFT('Raw Data'!E8,FIND("@",'Raw Data'!E8)-1) -> aman.khanna | T8: =FIND("@",'Raw Data'!E8) -> 12 | U8: =SEARCH("company",'Raw Data'!E8) -> 13 | V8: =SUBSTITUTE(SUBSTITUTE(SUBSTITUTE(SUBSTITUTE(SUBSTITUTE(SUBSTITUTE('Raw Data'!F8,"(",""),")",""),"-",""),".","")," ",""),"+","") -> 01155667788 | W8: =REPLACE(V8,1,LEN(V8)-4,REPT("*",LEN(V8)-4)) -> *******7788 | X8: =EXACT('Raw Data'!G8,'Raw Data'!H8) -> FALSE | Y8: =ISNUMBER('Raw Data'!I8) -> FALSE | Z8: =ISTEXT('Raw Data'!I8) -> TRUE | AA8: =REPT(_xlfn.UNICHAR(9733),'Raw Data'!L8)&REPT(_xlfn.UNICHAR(9734),5-'Raw Data'!L8) -> ★★★☆☆ | AB8: =_xlfn.UNICHAR('Raw Data'!M8) -> ☆ | AC8: =_xlfn.UNICODE(AB8) -> 9734 | AD8: =IFERROR(VALUE('Raw Data'!I8),0) -> 0 | AE8: =IFERROR(VALUE('Raw Data'!J8),"Data Missing") -> 66 | AF8: =IF(ISNUMBER(AE8)=FALSE(),"N/A",IF(AE8>=80,"High Performer",IF(AE8>=60,"Meets Expectations","Needs Improvement"))) -> Meets Expectations | AG8: =IF(EXACT('Raw Data'!G8,'Raw Data'!H8),"Match","Mismatch - Review") -> Mismatch - Review
A9: ='Raw Data'!A9 -> EMP-2023-041-HR | C9: =PROPER(TRIM('Raw Data'!B9)) -> Kiran | D9: =PROPER(TRIM('Raw Data'!C9)) -> Joshi | E9: =PROPER(TRIM(CLEAN('Raw Data'!D9))) -> Kiran Joshi | F9: =UPPER('Raw Data'!E9) -> KIRAN.JOSHI@COMPANY.COM | G9: =LOWER('Raw Data'!E9) -> kiran.joshi@company.com | H9: =CONCATENATE(C9," ",D9) -> Kiran Joshi | I9: =_xlfn.CONCAT(C9," ",D9) -> Kiran Joshi | J9: =_xlfn.TEXTJOIN(" ",TRUE(),C9,D9) -> Kiran Joshi | K9: =TRIM(_xlfn.TEXTSPLIT('Raw Data'!K9,{",",";"})) -> Onboarding | O9: =LEFT(A9,3) -> EMP | P9: =MID(A9,5,4) -> 2023 | Q9: =RIGHT(A9,LEN(A9)-FIND("~",SUBSTITUTE(A9,"-","~",3))) -> HR | R9: =LEN(A9) -> 15 | S9: =LEFT('Raw Data'!E9,FIND("@",'Raw Data'!E9)-1) -> Kiran.Joshi | T9: =FIND("@",'Raw Data'!E9) -> 12 | U9: =SEARCH("company",'Raw Data'!E9) -> 13 | V9: =SUBSTITUTE(SUBSTITUTE(SUBSTITUTE(SUBSTITUTE(SUBSTITUTE(SUBSTITUTE('Raw Data'!F9,"(",""),")",""),"-",""),".","")," ",""),"+","") -> 01199887766 | W9: =REPLACE(V9,1,LEN(V9)-4,REPT("*",LEN(V9)-4)) -> *******7766 | X9: =EXACT('Raw Data'!G9,'Raw Data'!H9) -> FALSE | Y9: =ISNUMBER('Raw Data'!I9) -> TRUE | Z9: =ISTEXT('Raw Data'!I9) -> FALSE | AA9: =REPT(_xlfn.UNICHAR(9733),'Raw Data'!L9)&REPT(_xlfn.UNICHAR(9734),5-'Raw Data'!L9) -> ★☆☆☆☆ | AB9: =_xlfn.UNICHAR('Raw Data'!M9) -> ◆ | AC9: =_xlfn.UNICODE(AB9) -> 9670 | AD9: =IFERROR(VALUE('Raw Data'!I9),0) -> 45000 | AE9: =IFERROR(VALUE('Raw Data'!J9),"Data Missing") -> Data Missing | AF9: =IF(ISNUMBER(AE9)=FALSE(),"N/A",IF(AE9>=80,"High Performer",IF(AE9>=60,"Meets Expectations","Needs Improvement"))) -> N/A | AG9: =IF(EXACT('Raw Data'!G9,'Raw Data'!H9),"Match","Mismatch - Review") -> Mismatch - Review
A10: ='Raw Data'!A10 -> EMP-2021-022-FIN | C10: =PROPER(TRIM('Raw Data'!B10)) -> Deepak | D10: =PROPER(TRIM('Raw Data'!C10)) -> Chopra | E10: =PROPER(TRIM(CLEAN('Raw Data'!D10))) -> Deepak Chopra | F10: =UPPER('Raw Data'!E10) -> DEEPAK.CHOPRA@COMPANY.COM | G10: =LOWER('Raw Data'!E10) -> deepak.chopra@company.com | H10: =CONCATENATE(C10," ",D10) -> Deepak Chopra | I10: =_xlfn.CONCAT(C10," ",D10) -> Deepak Chopra | J10: =_xlfn.TEXTJOIN(" ",TRUE(),C10,D10) -> Deepak Chopra | K10: =TRIM(_xlfn.TEXTSPLIT('Raw Data'!K10,{",",";"})) -> Excel | O10: =LEFT(A10,3) -> EMP | P10: =MID(A10,5,4) -> 2021 | Q10: =RIGHT(A10,LEN(A10)-FIND("~",SUBSTITUTE(A10,"-","~",3))) -> FIN | R10: =LEN(A10) -> 16 | S10: =LEFT('Raw Data'!E10,FIND("@",'Raw Data'!E10)-1) -> deepak.chopra | T10: =FIND("@",'Raw Data'!E10) -> 14 | U10: =SEARCH("company",'Raw Data'!E10) -> 15 | V10: =SUBSTITUTE(SUBSTITUTE(SUBSTITUTE(SUBSTITUTE(SUBSTITUTE(SUBSTITUTE('Raw Data'!F10,"(",""),")",""),"-",""),".","")," ",""),"+","") -> 01122339900 | W10: =REPLACE(V10,1,LEN(V10)-4,REPT("*",LEN(V10)-4)) -> *******9900 | X10: =EXACT('Raw Data'!G10,'Raw Data'!H10) -> FALSE | Y10: =ISNUMBER('Raw Data'!I10) -> TRUE | Z10: =ISTEXT('Raw Data'!I10) -> FALSE | AA10: =REPT(_xlfn.UNICHAR(9733),'Raw Data'!L10)&REPT(_xlfn.UNICHAR(9734),5-'Raw Data'!L10) -> ★★★★★ | AB10: =_xlfn.UNICHAR('Raw Data'!M10) -> ★ | AC10: =_xlfn.UNICODE(AB10) -> 9733 | AD10: =IFERROR(VALUE('Raw Data'!I10),0) -> 302000 | AE10: =IFERROR(VALUE('Raw Data'!J10),"Data Missing") -> 91 | AF10: =IF(ISNUMBER(AE10)=FALSE(),"N/A",IF(AE10>=80,"High Performer",IF(AE10>=60,"Meets Expectations","Needs Improvement"))) -> High Performer | AG10: =IF(EXACT('Raw Data'!G10,'Raw Data'!H10),"Match","Mismatch - Review") -> Mismatch - Review
